customer_id,first_name,last_name,province,customer_segment,risk_tier,created_at,is_active
CUST000001,Danielle,Johnson,ON,student,low,2025-01-26,True
CUST000002,Joshua,Walker,QC,newcomer,low,2025-03-04,True
CUST000003,Jill,Rhodes,ON,newcomer,low,2023-09-18,True
CUST000004,Patricia,Miller,AB,retail,low,2021-08-13,True
CUST000005,Robert,Johnson,NB,retail,low,2024-07-13,False
CUST000006,Jeffery,Wagner,QC,retail,low,2022-07-19,True
CUST000007,Anthony,Gonzalez,ON,student,low,2023-05-10,False
CUST000008,Debra,Gardner,QC,newcomer,medium,2022-01-28,True
CUST000009,Jeffrey,Lawrence,AB,student,low,2022-04-07,True
CUST000010,Lisa,Smith,QC,small_business,medium,2023-01-28,True
CUST000011,Linda,Wolfe,NS,retail,low,2021-03-27,True
CUST000012,Matthew,Moore,BC,retail,low,2025-07-09,True
CUST000013,Susan,Rogers,AB,student,medium,2023-04-18,True
CUST000014,Christopher,Davis,ON,small_business,low,2023-10-02,True
CUST000015,Melanie,Munoz,AB,newcomer,low,2022-10-17,True
CUST000016,Lindsay,Blair,BC,retail,low,2021-03-05,True
CUST000017,Amanda,Dudley,NB,small_business,low,2023-05-17,True
CUST000018,Nicholas,Arnold,SK,retail,low,2024-10-08,True
CUST000019,Maria,Montgomery,NB,newcomer,low,2024-07-11,True
CUST000020,Michelle,Ray,MB,premium,medium,2021-01-26,True
CUST000021,Janet,Williams,MB,student,low,2025-01-13,True
CUST000022,Jeremy,Roberts,SK,retail,medium,2024-07-19,True
CUST000023,Christopher,Hall,BC,retail,low,2020-09-15,True
CUST000024,Craig,Ramirez,AB,retail,medium,2020-08-17,True
CUST000025,Cynthia,Diaz,NS,retail,low,2026-04-25,True
CUST000026,Mitchell,Clark,AB,retail,medium,2022-11-15,False
CUST000027,Joseph,Zuniga,SK,small_business,high,2025-05-12,True
CUST000028,Deborah,Lynch,BC,newcomer,high,2024-11-28,True
CUST000029,George,Daniel,NB,premium,medium,2020-05-27,True
CUST000030,Frank,Gray,MB,retail,low,2024-01-25,True
CUST000031,Veronica,Bowman,SK,retail,low,2020-07-08,True
CUST000032,Angela,Cohen,AB,retail,low,2023-09-28,True
CUST000033,Megan,Parsons,ON,small_business,low,2025-07-25,True
CUST000034,Jeremy,Johnson,AB,retail,medium,2020-11-16,True
CUST000035,Leslie,Adams,AB,student,medium,2021-01-07,True
CUST000036,Jason,Hahn,NB,retail,low,2025-03-26,True
CUST000037,Nancy,Edwards,QC,retail,medium,2025-09-18,True
CUST000038,Diana,Foster,AB,retail,low,2025-02-04,True
CUST000039,Robin,Ellis,MB,retail,medium,2024-04-06,True
CUST000040,Joseph,Wright,ON,newcomer,low,2025-03-22,True
CUST000041,Anna,Baker,AB,retail,low,2025-04-10,True
CUST000042,Brenda,Hurst,ON,retail,low,2021-10-28,True
CUST000043,Reginald,Robinson,MB,retail,high,2021-03-21,False
CUST000044,Whitney,Hicks,BC,retail,low,2020-11-11,True
CUST000045,Christopher,Williams,NS,retail,low,2025-08-21,True
CUST000046,Daniel,Burton,ON,premium,low,2024-07-22,True
CUST000047,Laura,Henderson,AB,retail,high,2025-07-23,True
CUST000048,Bryan,James,QC,retail,low,2025-11-16,True
CUST000049,Wendy,Rice,AB,newcomer,low,2023-05-25,True
CUST000050,Tasha,Valencia,MB,retail,medium,2024-11-07,False
CUST000051,Alexander,Le,SK,newcomer,low,2026-03-20,True
CUST000052,Erin,Herrera,MB,retail,low,2023-12-06,True
CUST000053,Joseph,Davidson,NS,retail,low,2023-08-01,True
CUST000054,Daniel,Graham,ON,newcomer,low,2022-12-05,False
CUST000055,Shawn,Mckay,BC,retail,medium,2025-02-27,True
CUST000056,Nancy,Baker,MB,retail,low,2024-07-30,True
CUST000057,Vincent,White,SK,retail,medium,2023-05-12,True
CUST000058,Rita,Harrell,MB,retail,low,2021-07-28,True
CUST000059,Kenneth,Fowler,BC,student,low,2023-05-21,True
CUST000060,Chelsea,Hernandez,QC,retail,medium,2026-03-19,True
CUST000061,Kathryn,Ryan,NS,newcomer,low,2025-12-01,True
CUST000062,Kimberly,Moreno,NS,small_business,medium,2022-11-12,True
CUST000063,Aaron,Nguyen,AB,student,low,2022-04-23,True
CUST000064,Andrew,Hickman,BC,premium,low,2021-10-06,True
CUST000065,Natasha,Decker,NB,retail,medium,2024-05-02,True
CUST000066,Kyle,Brown,AB,retail,medium,2021-09-14,True
CUST000067,Natalie,Arroyo,SK,retail,medium,2025-11-20,True
CUST000068,Christopher,Tucker,AB,retail,low,2022-11-24,True
CUST000069,Chad,Hodges,QC,premium,low,2023-03-13,True
CUST000070,Katie,Anderson,NS,premium,low,2021-11-02,False
CUST000071,Thomas,Pierce,MB,retail,low,2024-04-26,True
CUST000072,Joseph,Brennan,NB,newcomer,low,2022-10-21,True
CUST000073,Rodney,Lewis,MB,retail,low,2024-03-10,True
CUST000074,Amber,Blair,NS,retail,high,2024-02-10,False
CUST000075,James,Collins,QC,student,low,2022-10-20,True
CUST000076,Wanda,Santos,NS,retail,low,2021-09-28,True
CUST000077,Samuel,Holmes,NB,student,medium,2021-08-09,True
CUST000078,David,Walker,NB,retail,low,2022-12-12,True
CUST000079,Matthew,Chapman,NS,retail,low,2021-07-02,True
CUST000080,Jerry,Robinson,BC,newcomer,low,2021-01-05,True
CUST000081,Chad,Welch,QC,small_business,medium,2022-07-25,True
CUST000082,Jeremy,Whitehead,AB,retail,low,2023-10-20,False
CUST000083,Michele,Jones,SK,retail,low,2025-07-03,True
CUST000084,John,Caldwell,SK,retail,low,2022-01-06,True
CUST000085,Jason,Anderson,NB,retail,medium,2025-02-15,True
CUST000086,Selena,Duncan,ON,newcomer,medium,2021-02-10,True
CUST000087,Thomas,Mueller,SK,newcomer,high,2024-10-28,True
CUST000088,Lindsey,Lee,NB,small_business,low,2021-05-11,True
CUST000089,Collin,Jordan,SK,retail,low,2020-12-30,True
CUST000090,Rodney,Owens,SK,newcomer,low,2020-06-22,True
CUST000091,Jessica,Nunez,AB,retail,low,2023-02-12,True
CUST000092,Tracey,Garcia,BC,retail,low,2024-10-08,True
CUST000093,Richard,Morgan,NB,retail,low,2025-08-07,True
CUST000094,Michelle,Wright,NB,retail,medium,2024-01-01,False
CUST000095,James,West,NB,retail,high,2026-02-06,True
CUST000096,Robert,Ramirez,NB,retail,medium,2021-12-12,True
CUST000097,John,Leblanc,SK,retail,low,2023-11-06,True
CUST000098,Scott,Callahan,NB,student,medium,2022-07-21,True
CUST000099,Andrea,Williams,NB,newcomer,low,2026-01-07,True
CUST000100,Yvette,Huff,BC,small_business,low,2021-07-07,True
CUST000101,Tanya,House,AB,retail,low,2022-08-26,True
CUST000102,Melinda,Martin,NB,retail,low,2023-03-15,True
CUST000103,Todd,Lewis,NS,retail,low,2025-09-26,False
CUST000104,Richard,Brown,ON,premium,low,2025-11-14,True
CUST000105,Nicholas,Galloway,AB,retail,low,2024-08-11,True
CUST000106,Joseph,Bowers,SK,student,medium,2023-11-17,True
CUST000107,Spencer,Henderson,BC,premium,low,2025-01-13,True
CUST000108,Susan,Cowan,NB,retail,low,2022-10-28,True
CUST000109,Angela,Higgins,QC,student,low,2023-08-07,True
CUST000110,Eric,Phillips,ON,retail,low,2024-12-18,True
CUST000111,Tanya,Riley,NS,retail,low,2020-08-24,True
CUST000112,Amy,Adkins,NS,newcomer,medium,2021-06-17,True
CUST000113,Brian,Silva,BC,student,high,2021-06-09,True
CUST000114,Wesley,Farrell,SK,retail,medium,2020-11-24,True
CUST000115,Eric,Yu,QC,retail,low,2023-07-27,True
CUST000116,Christopher,Lopez,NS,retail,medium,2022-01-26,True
CUST000117,Brooke,Leonard,NS,student,low,2023-12-11,True
CUST000118,Joe,Wilson,ON,retail,low,2023-03-23,True
CUST000119,Pamela,Sanchez,SK,newcomer,low,2021-10-06,True
CUST000120,Brooke,Harvey,SK,student,low,2020-10-25,True
CUST000121,Robert,Silva,MB,newcomer,low,2023-08-05,True
CUST000122,Alexandra,Donovan,NB,premium,low,2022-06-19,True
CUST000123,James,Moran,MB,retail,low,2021-03-26,True
CUST000124,John,Foster,QC,student,high,2022-10-13,True
CUST000125,Emily,Evans,AB,student,low,2024-03-04,True
CUST000126,Leslie,Walton,MB,premium,medium,2020-06-09,True
CUST000127,Charles,Ellis,BC,retail,low,2022-04-10,True
CUST000128,Yolanda,Ferrell,ON,newcomer,low,2025-10-23,True
CUST000129,Charles,Lewis,QC,small_business,low,2020-10-25,True
CUST000130,Joseph,Mahoney,NS,retail,low,2021-05-19,False
CUST000131,Nicole,Suarez,QC,small_business,low,2020-12-18,True
CUST000132,Mike,Moore,BC,retail,low,2025-09-20,True
CUST000133,Martha,Warner,QC,newcomer,low,2023-07-16,True
CUST000134,Cheryl,Archer,NB,retail,low,2023-10-16,True
CUST000135,Destiny,Smith,MB,newcomer,low,2021-07-06,False
CUST000136,Lisa,Evans,AB,newcomer,low,2025-03-17,True
CUST000137,Elizabeth,Mcmillan,BC,newcomer,low,2023-08-19,True
CUST000138,Dennis,Wilson,MB,retail,low,2021-01-19,True
CUST000139,Daniel,Tran,QC,student,medium,2021-03-25,True
CUST000140,Joseph,Jacobs,NB,retail,low,2024-02-07,True
CUST000141,Jennifer,Harris,BC,retail,low,2023-05-05,True
CUST000142,Cynthia,Baker,SK,retail,low,2023-01-31,True
CUST000143,Tracy,Whitehead,SK,retail,low,2023-04-08,True
CUST000144,Meghan,Davis,MB,retail,low,2022-09-15,True
CUST000145,Rodney,Hill,MB,newcomer,medium,2026-02-02,True
CUST000146,Adam,Wise,SK,premium,low,2020-07-02,True
CUST000147,Dana,Green,QC,retail,low,2020-10-21,True
CUST000148,Joyce,Arnold,BC,retail,low,2025-02-23,True
CUST000149,Ronald,Smith,ON,retail,low,2021-10-30,True
CUST000150,Charles,Ware,ON,newcomer,low,2021-10-15,True
CUST000151,Rebecca,Gardner,NS,newcomer,low,2024-03-20,True
CUST000152,Mary,Aguilar,AB,retail,low,2025-09-28,True
CUST000153,Earl,Anderson,QC,retail,low,2020-11-19,True
CUST000154,Kyle,Nolan,MB,newcomer,low,2024-07-18,True
CUST000155,Laura,Valencia,SK,premium,low,2025-01-18,True
CUST000156,Rachel,Clark,MB,retail,low,2023-01-18,True
CUST000157,John,Garcia,BC,retail,medium,2021-03-14,True
CUST000158,Kimberly,Henson,QC,retail,medium,2024-10-15,True
CUST000159,Richard,Oliver,MB,small_business,low,2020-08-17,True
CUST000160,Eric,Spears,BC,retail,low,2020-10-30,True
CUST000161,Michelle,Cherry,SK,premium,medium,2022-02-02,False
CUST000162,Lisa,Keith,NB,retail,medium,2023-08-23,True
CUST000163,Angel,Doyle,NB,retail,low,2021-01-06,True
CUST000164,Martin,Galvan,SK,premium,low,2024-08-12,False
CUST000165,Leah,Shields,QC,small_business,low,2022-08-07,True
CUST000166,Lisa,Adams,ON,student,low,2021-03-13,True
CUST000167,Kristin,Rodriguez,QC,retail,high,2024-08-03,True
CUST000168,Monica,Garrison,QC,small_business,medium,2021-11-11,True
CUST000169,Jeffrey,Velasquez,NS,newcomer,medium,2022-01-22,True
CUST000170,Steven,Torres,QC,retail,low,2025-12-01,True
CUST000171,Laura,Perez,QC,retail,low,2023-10-09,True
CUST000172,Andrew,Lee,SK,retail,low,2025-03-12,True
CUST000173,Mark,Lin,ON,retail,low,2022-09-07,True
CUST000174,Tammy,Ramirez,BC,retail,low,2021-09-13,True
CUST000175,Darlene,Ross,SK,premium,low,2023-08-15,True
CUST000176,Tina,Herrera,SK,retail,low,2023-06-22,True
CUST000177,Sheila,Wilson,BC,retail,high,2023-02-04,False
CUST000178,Tara,White,NB,student,low,2022-12-19,True
CUST000179,Sydney,Baker,SK,retail,low,2022-01-03,True
CUST000180,Daniel,Hamilton,MB,retail,medium,2023-01-02,True
CUST000181,Jessica,Edwards,ON,premium,medium,2026-03-25,True
CUST000182,Catherine,Dixon,AB,newcomer,low,2023-02-10,True
CUST000183,Paul,Ray,BC,newcomer,medium,2023-07-06,True
CUST000184,Jonathan,Fletcher,SK,retail,low,2022-11-09,True
CUST000185,Aaron,Frost,NS,student,low,2023-01-05,True
CUST000186,Amanda,Ball,MB,small_business,low,2022-03-21,True
CUST000187,Judy,Lambert,MB,student,low,2020-12-01,True
CUST000188,Michael,Jones,BC,student,low,2025-06-23,True
CUST000189,Elizabeth,Rivera,NS,retail,low,2021-11-12,True
CUST000190,Lee,Charles,SK,retail,medium,2024-12-07,True
CUST000191,Jennifer,Evans,NS,retail,low,2022-01-18,True
CUST000192,Kyle,Ortiz,AB,newcomer,low,2022-08-23,True
CUST000193,Richard,Phillips,NB,retail,low,2022-12-07,True
CUST000194,David,Fisher,QC,retail,medium,2020-10-18,True
CUST000195,Shelby,Byrd,NS,student,medium,2021-03-26,False
CUST000196,Raven,Gilbert,BC,small_business,low,2021-08-15,True
CUST000197,Kevin,Kelley,MB,retail,low,2021-09-29,True
CUST000198,Aaron,Mitchell,NS,retail,low,2023-09-03,True
CUST000199,Russell,Carpenter,ON,retail,low,2022-04-19,True
CUST000200,Diana,Marshall,QC,newcomer,low,2021-03-22,True
CUST000201,Scott,Lewis,ON,student,low,2026-01-30,True
CUST000202,Thomas,Santana,QC,small_business,low,2024-01-08,True
CUST000203,Laura,Jackson,NS,student,medium,2023-09-16,True
CUST000204,Christopher,Robertson,BC,premium,low,2023-03-19,True
CUST000205,Cynthia,Rogers,ON,retail,low,2025-02-01,True
CUST000206,Loretta,Potter,ON,retail,low,2022-09-09,True
CUST000207,Emily,Walker,QC,student,low,2020-06-03,True
CUST000208,James,Johnson,QC,retail,low,2020-07-25,True
CUST000209,John,Alvarez,MB,retail,high,2020-06-22,True
CUST000210,Melissa,Jones,NB,retail,low,2020-12-13,True
CUST000211,Robert,Soto,QC,small_business,low,2021-05-07,True
CUST000212,James,Horton,MB,newcomer,low,2024-11-27,True
CUST000213,Troy,Sanchez,MB,retail,low,2022-01-18,True
CUST000214,Diana,Smith,AB,retail,medium,2025-01-14,True
CUST000215,Karen,Carrillo,NB,retail,low,2021-03-27,True
CUST000216,Daniel,Coleman,NS,premium,low,2023-06-18,True
CUST000217,Gregory,Rubio,QC,retail,low,2025-04-19,True
CUST000218,April,Williams,ON,newcomer,low,2024-11-11,True
CUST000219,John,Charles,NB,retail,low,2024-12-13,True
CUST000220,Stephen,Solis,MB,newcomer,low,2025-09-29,True
CUST000221,Elizabeth,Travis,BC,newcomer,low,2023-12-08,True
CUST000222,Caitlin,Dodson,QC,student,low,2022-03-14,True
CUST000223,Patricia,Salazar,MB,retail,low,2026-01-10,True
CUST000224,Jennifer,Wagner,NS,retail,medium,2022-07-06,True
CUST000225,Maria,Kelley,QC,retail,low,2021-10-29,True
CUST000226,Phyllis,Manning,NB,retail,low,2023-11-28,True
CUST000227,Thomas,Green,QC,small_business,low,2022-09-07,True
CUST000228,John,Walsh,QC,retail,low,2025-10-06,True
CUST000229,Katie,Boyd,NB,retail,medium,2021-05-13,True
CUST000230,Courtney,Hill,QC,retail,low,2021-07-02,True
CUST000231,Chris,Mitchell,ON,retail,high,2022-11-11,True
CUST000232,Joseph,Flores,MB,premium,medium,2024-01-11,True
CUST000233,Amber,Taylor,NS,retail,low,2023-01-28,True
CUST000234,Jesse,Benson,NB,retail,low,2024-11-14,True
CUST000235,Jasmine,Brown,QC,retail,medium,2022-05-08,True
CUST000236,Rick,Daniels,QC,small_business,low,2021-03-01,True
CUST000237,Robert,Clark,MB,retail,low,2021-08-21,True
CUST000238,Robert,Stein,NS,retail,medium,2021-02-28,True
CUST000239,Brandy,Dominguez,QC,retail,low,2021-10-30,True
CUST000240,Melissa,Cannon,BC,retail,low,2022-08-02,True
CUST000241,Omar,Smith,NS,retail,high,2024-02-23,True
CUST000242,Michael,Molina,AB,retail,low,2024-08-31,True
CUST000243,Melissa,Ashley,QC,retail,medium,2024-08-09,True
CUST000244,Robert,Adkins,NS,small_business,low,2021-04-15,True
CUST000245,Amy,Morrison,SK,retail,low,2025-07-22,True
CUST000246,Jeffrey,Robinson,NS,retail,low,2025-09-09,True
CUST000247,Ryan,Johnson,NS,small_business,low,2025-09-06,True
CUST000248,Matthew,Shelton,NB,retail,low,2025-04-23,True
CUST000249,Richard,Martin,SK,premium,low,2025-11-10,True
CUST000250,Tanner,Anderson,BC,premium,low,2020-12-26,True
CUST000251,Cindy,Johnson,QC,retail,low,2022-06-21,True
CUST000252,Phillip,Elliott,SK,retail,low,2021-05-30,True
CUST000253,Anthony,Day,NB,retail,low,2023-02-24,True
CUST000254,Derek,Murray,QC,retail,low,2022-07-27,True
CUST000255,Brent,Gray,BC,retail,low,2023-06-30,True
CUST000256,Jason,Murphy,MB,premium,low,2022-05-26,True
CUST000257,Kathleen,Gray,MB,newcomer,low,2025-05-15,True
CUST000258,Karen,Decker,QC,newcomer,low,2024-11-20,True
CUST000259,Johnny,Miller,MB,retail,low,2022-04-03,False
CUST000260,Andrew,Ryan,AB,retail,low,2020-11-13,True
CUST000261,Zoe,Bell,ON,newcomer,medium,2025-03-09,True
CUST000262,Debra,Harrington,BC,retail,medium,2022-02-04,True
CUST000263,Denise,Webster,SK,retail,low,2024-06-18,True
CUST000264,Stefanie,Gonzalez,MB,student,medium,2021-05-04,True
CUST000265,Andrew,Hernandez,MB,premium,medium,2023-08-22,True
CUST000266,David,Caldwell,NS,student,low,2024-02-23,True
CUST000267,Anne,Robinson,NB,retail,low,2023-02-28,True
CUST000268,Holly,Wang,BC,small_business,low,2024-01-31,True
CUST000269,Gary,Lawson,QC,student,low,2022-02-27,True
CUST000270,Julie,Wilson,BC,retail,medium,2025-05-19,True
CUST000271,Lori,Oconnell,QC,premium,low,2021-06-01,True
CUST000272,Daniel,Johnson,ON,retail,low,2022-05-27,True
CUST000273,Larry,Byrd,QC,retail,low,2021-12-28,False
CUST000274,Susan,Sanders,BC,retail,low,2022-07-24,True
CUST000275,Jennifer,Jones,SK,retail,low,2024-10-06,True
CUST000276,Hannah,Burton,AB,small_business,low,2023-06-14,True
CUST000277,Curtis,Barton,NB,retail,low,2020-05-27,True
CUST000278,Melissa,Burke,AB,retail,medium,2025-10-14,True
CUST000279,David,Riggs,SK,newcomer,low,2025-01-28,True
CUST000280,Kimberly,Reed,BC,retail,low,2023-08-11,True
CUST000281,Ross,Wood,BC,newcomer,low,2021-08-25,False
CUST000282,William,Peterson,ON,retail,low,2025-07-24,True
CUST000283,Melissa,Short,MB,student,low,2022-02-18,True
CUST000284,Daniel,Yu,QC,student,medium,2023-08-14,True
CUST000285,Cynthia,Poole,NS,retail,medium,2025-10-28,True
CUST000286,Jasmine,Graham,SK,newcomer,medium,2021-02-09,True
CUST000287,Jessica,Sheppard,ON,retail,low,2021-03-10,True
CUST000288,Joseph,Morton,NS,premium,low,2025-11-07,False
CUST000289,Amanda,Webb,MB,retail,low,2021-01-04,True
CUST000290,Ryan,Simon,NS,retail,medium,2025-10-14,True
CUST000291,Joseph,Christian,SK,small_business,low,2021-11-01,False
CUST000292,Mariah,Miller,SK,retail,medium,2020-10-03,True
CUST000293,Nicole,Sanchez,NB,retail,low,2025-05-24,True
CUST000294,Steven,Bishop,NS,retail,low,2023-01-10,True
CUST000295,Nicholas,Johnson,NB,retail,low,2021-04-27,True
CUST000296,Melissa,White,NB,retail,high,2022-05-14,False
CUST000297,Jason,Salinas,NB,retail,medium,2025-06-24,True
CUST000298,Matthew,Beard,BC,small_business,low,2025-12-21,True
CUST000299,Jacqueline,Hill,QC,retail,low,2024-11-26,True
CUST000300,Alejandro,Vaughan,BC,student,high,2025-12-16,True
CUST000301,Christopher,Cortez,BC,retail,low,2025-06-17,True
CUST000302,Tracy,Chang,QC,retail,low,2023-07-10,True
CUST000303,Hannah,Brewer,MB,student,low,2024-12-31,True
CUST000304,Travis,Mcguire,SK,retail,low,2023-02-13,True
CUST000305,Christopher,Walker,SK,premium,medium,2024-05-20,False
CUST000306,Heather,Torres,NS,student,low,2022-09-26,True
CUST000307,Bonnie,Kennedy,BC,student,medium,2022-12-16,True
CUST000308,Alyssa,Coleman,AB,retail,low,2022-04-08,True
CUST000309,Julie,Rivera,ON,retail,low,2020-10-12,True
CUST000310,Jacqueline,Nelson,QC,retail,low,2024-11-12,True
CUST000311,John,Martinez,NB,student,medium,2020-12-14,True
CUST000312,James,Wilson,QC,retail,low,2022-10-07,True
CUST000313,Amanda,Gill,BC,retail,medium,2024-04-12,True
CUST000314,Jacob,Robinson,BC,retail,low,2024-12-05,False
CUST000315,Todd,Hardy,NS,premium,low,2023-10-17,True
CUST000316,Tiffany,Warren,MB,retail,high,2025-06-08,True
CUST000317,Justin,Garcia,QC,retail,low,2022-12-04,False
CUST000318,James,Perez,BC,newcomer,medium,2024-08-04,True
CUST000319,Harry,Smith,ON,retail,high,2025-11-10,True
CUST000320,Amanda,Hill,AB,student,low,2023-05-09,True
CUST000321,Terri,Tran,MB,newcomer,low,2020-09-26,True
CUST000322,Heidi,Martinez,MB,retail,low,2021-10-07,True
CUST000323,Miranda,Henry,SK,retail,low,2021-08-29,True
CUST000324,Monique,Andrews,NS,premium,low,2022-09-28,True
CUST000325,Taylor,Alexander,NS,retail,low,2025-02-17,True
CUST000326,Jack,Williams,QC,retail,high,2024-09-27,True
CUST000327,Shelley,Woods,AB,premium,medium,2021-08-19,True
CUST000328,Lynn,Morales,AB,student,low,2022-10-25,True
CUST000329,Charles,Soto,MB,retail,low,2020-09-23,True
CUST000330,Brian,Hernandez,AB,retail,low,2021-03-12,True
CUST000331,Anna,Torres,SK,retail,low,2020-10-08,True
CUST000332,Victoria,Wilson,MB,student,medium,2024-10-26,True
CUST000333,Kathy,Obrien,ON,newcomer,low,2021-10-30,True
CUST000334,Krystal,Perez,NB,retail,medium,2025-06-30,True
CUST000335,Alexandra,Hayes,BC,premium,low,2024-12-27,True
CUST000336,Scott,Dalton,NS,student,low,2022-07-09,True
CUST000337,Veronica,Torres,ON,retail,low,2020-09-17,True
CUST000338,Christine,Lynch,SK,retail,medium,2021-01-03,True
CUST000339,Jody,Meza,BC,retail,low,2022-10-01,True
CUST000340,Jared,Clark,SK,student,low,2022-07-20,True
CUST000341,Donna,Moore,NS,student,high,2022-03-11,True
CUST000342,Glenn,Jones,SK,retail,low,2026-01-08,False
CUST000343,Aaron,Hayes,ON,newcomer,low,2023-10-08,True
CUST000344,Brittney,Carter,BC,small_business,low,2022-01-21,True
CUST000345,Jesse,Mann,AB,retail,low,2025-02-01,True
CUST000346,Jacqueline,Gibson,NB,retail,low,2024-01-13,True
CUST000347,Grace,Bradshaw,BC,retail,low,2025-08-15,False
CUST000348,Kristin,Weber,NB,retail,low,2020-12-15,True
CUST000349,Donna,Peck,NS,student,medium,2022-06-25,True
CUST000350,Ronald,Stephens,SK,retail,low,2023-05-11,True
CUST000351,Deborah,Kerr,MB,student,low,2023-10-19,True
CUST000352,Margaret,Jones,NS,retail,low,2020-11-02,False
CUST000353,Gabriel,Parker,MB,retail,low,2023-04-03,True
CUST000354,Kaitlyn,Carroll,NS,premium,medium,2021-11-23,True
CUST000355,Keith,Martinez,QC,retail,low,2023-02-04,True
CUST000356,Haley,Lyons,AB,retail,low,2020-12-12,False
CUST000357,Sherri,Mason,BC,retail,medium,2023-04-11,True
CUST000358,Troy,Miller,AB,newcomer,low,2025-10-02,True
CUST000359,Bill,Reynolds,QC,student,low,2021-01-09,False
CUST000360,Marcus,Wright,NB,newcomer,medium,2024-07-20,True
CUST000361,Christopher,Hayden,MB,retail,low,2024-02-01,True
CUST000362,Mary,Johnston,AB,retail,medium,2025-04-26,False
CUST000363,Stephanie,Key,NB,small_business,low,2024-05-10,True
CUST000364,Emily,Adams,SK,retail,medium,2021-11-13,True
CUST000365,Billy,Avila,ON,retail,low,2023-01-28,True
CUST000366,Thomas,Pearson,MB,retail,low,2022-07-25,True
CUST000367,Sabrina,White,SK,retail,medium,2024-10-25,True
CUST000368,Brenda,Walters,MB,student,low,2021-03-05,True
CUST000369,Travis,Davis,AB,retail,medium,2023-01-05,True
CUST000370,Michael,Cook,NS,retail,low,2021-07-11,True
CUST000371,Elizabeth,Hodge,SK,retail,low,2024-09-29,True
CUST000372,Mark,Steele,SK,student,high,2023-09-06,True
CUST000373,Keith,Landry,MB,newcomer,low,2026-03-12,True
CUST000374,Lisa,Pierce,SK,retail,low,2024-12-29,True
CUST000375,Shawn,Edwards,QC,newcomer,high,2022-11-01,True
CUST000376,Marcus,Cordova,AB,premium,low,2023-11-05,True
CUST000377,Richard,Robertson,NB,student,medium,2022-02-17,True
CUST000378,Vanessa,Sandoval,AB,student,low,2023-11-15,True
CUST000379,Amy,Gutierrez,SK,retail,low,2020-06-05,True
CUST000380,Jacob,Cox,ON,small_business,medium,2025-01-23,True
CUST000381,Katherine,Garrett,BC,retail,low,2024-08-22,True
CUST000382,Kathleen,Harris,SK,retail,low,2024-01-07,True
CUST000383,Andrea,Pennington,BC,retail,low,2021-03-27,True
CUST000384,Samuel,Wolfe,MB,student,low,2021-02-19,True
CUST000385,David,Dudley,QC,retail,low,2023-11-17,True
CUST000386,Chelsea,Allen,QC,premium,low,2025-08-24,True
CUST000387,Eric,Pierce,BC,student,high,2024-04-20,True
CUST000388,Andrea,Davis,NS,premium,low,2021-08-10,True
CUST000389,Victoria,Durham,NB,retail,high,2022-02-01,True
CUST000390,Steven,Wilson,NS,retail,high,2024-10-30,True
CUST000391,Marilyn,Jimenez,AB,small_business,medium,2024-11-22,False
CUST000392,Jennifer,Hicks,NB,retail,medium,2021-02-16,True
CUST000393,Joshua,Davenport,BC,retail,medium,2022-06-10,True
CUST000394,Tina,Sanchez,ON,small_business,low,2025-01-20,True
CUST000395,Andrea,Reyes,AB,retail,low,2026-02-22,True
CUST000396,Sandra,Romero,AB,student,low,2025-10-10,True
CUST000397,Natasha,Shields,ON,retail,high,2023-11-20,True
CUST000398,Joshua,Tyler,NS,retail,medium,2022-09-29,False
CUST000399,Robert,Villa,AB,retail,low,2020-06-22,True
CUST000400,William,Hoover,NB,newcomer,low,2024-05-10,True
CUST000401,Justin,Evans,NS,student,low,2022-01-17,True
CUST000402,Brenda,Duarte,SK,retail,low,2024-04-04,True
CUST000403,Tracy,Hernandez,SK,premium,low,2024-09-13,False
CUST000404,Amanda,Reed,BC,retail,low,2020-05-18,True
CUST000405,Andrea,Daniels,SK,small_business,low,2025-06-08,True
CUST000406,Stanley,Morris,ON,retail,low,2024-03-08,True
CUST000407,Jacob,Terry,AB,small_business,low,2025-07-03,True
CUST000408,Ashley,Hall,SK,retail,medium,2023-11-21,True
CUST000409,Kimberly,Williams,AB,premium,high,2026-02-24,True
CUST000410,Julie,Thornton,AB,student,low,2020-12-13,True
CUST000411,Lisa,Hughes,NS,student,low,2023-08-21,True
CUST000412,Elizabeth,Hoover,MB,retail,low,2022-04-17,True
CUST000413,Tina,Simpson,SK,student,low,2025-03-20,True
CUST000414,Benjamin,Shaw,NB,retail,medium,2022-10-24,True
CUST000415,Brittany,Kane,MB,newcomer,low,2026-02-20,True
CUST000416,Morgan,Alexander,BC,retail,low,2023-01-04,True
CUST000417,Alicia,Bryant,SK,newcomer,high,2023-07-26,True
CUST000418,Jennifer,Ortiz,SK,retail,medium,2020-11-03,True
CUST000419,Diana,Moore,SK,retail,medium,2024-10-01,False
CUST000420,Terrance,Costa,ON,small_business,low,2025-08-30,True
CUST000421,Matthew,Schwartz,ON,retail,medium,2025-10-11,True
CUST000422,Debra,Christian,ON,retail,low,2024-08-17,True
CUST000423,Melissa,Villarreal,SK,retail,low,2020-11-25,True
CUST000424,Norman,Stewart,MB,retail,low,2026-02-18,True
CUST000425,Jennifer,Malone,BC,retail,low,2021-06-29,True
CUST000426,Monique,Johnson,MB,small_business,low,2024-03-02,True
CUST000427,Casey,Welch,NB,retail,low,2022-02-19,True
CUST000428,Samantha,Bright,QC,newcomer,medium,2022-12-16,True
CUST000429,Julie,Hamilton,NB,retail,low,2025-04-10,True
CUST000430,Corey,Schultz,BC,retail,medium,2026-03-20,True
CUST000431,Monique,Wallace,QC,small_business,medium,2022-08-10,True
CUST000432,Heather,Berger,MB,retail,low,2020-12-27,False
CUST000433,Brandon,Flynn,BC,premium,low,2025-12-14,False
CUST000434,Kelly,Brooks,NB,premium,low,2024-09-14,True
CUST000435,Dustin,Schmidt,NS,retail,medium,2021-12-16,True
CUST000436,Ashlee,Sparks,NS,retail,low,2025-06-10,True
CUST000437,George,Miller,NB,premium,low,2022-07-02,True
CUST000438,Monica,Harvey,SK,retail,low,2021-04-08,True
CUST000439,John,Durham,NB,retail,low,2024-03-28,True
CUST000440,Douglas,Murray,QC,retail,low,2025-06-30,True
CUST000441,Jonathan,Scott,NB,retail,low,2024-08-04,True
CUST000442,Albert,Ballard,SK,retail,low,2022-11-12,True
CUST000443,Rachel,Byrd,NB,retail,low,2024-03-21,True
CUST000444,Eric,Alexander,QC,retail,low,2026-01-10,True
CUST000445,Michael,Matthews,NB,retail,low,2022-09-07,True
CUST000446,Danielle,Coleman,BC,student,low,2023-08-07,True
CUST000447,John,Bruce,SK,retail,low,2023-04-24,True
CUST000448,James,Cruz,SK,student,low,2022-12-17,False
CUST000449,Timothy,Young,AB,retail,low,2020-10-05,True
CUST000450,Ashley,Andrews,NS,small_business,low,2021-11-19,True
CUST000451,Victoria,Phillips,NS,retail,medium,2021-05-20,True
CUST000452,Tiffany,Barrett,MB,retail,high,2024-10-17,True
CUST000453,Joshua,Knight,BC,premium,high,2022-10-19,True
CUST000454,Gina,Garner,AB,retail,low,2020-10-24,True
CUST000455,Brandon,Obrien,QC,premium,low,2022-03-24,False
CUST000456,Tyler,Strong,ON,premium,low,2024-04-21,True
CUST000457,Justin,Lindsey,MB,small_business,low,2021-05-28,True
CUST000458,Catherine,Gomez,SK,retail,low,2021-09-25,True
CUST000459,Dana,Oliver,NB,student,low,2024-08-04,False
CUST000460,Erica,Le,NB,retail,medium,2020-12-12,True
CUST000461,Donna,Massey,ON,student,low,2021-08-18,True
CUST000462,Courtney,Berger,QC,student,low,2025-05-14,True
CUST000463,Debbie,Parker,NB,premium,low,2025-10-28,True
CUST000464,Scott,Riley,ON,retail,low,2025-02-18,True
CUST000465,Jessica,Davis,SK,retail,low,2023-11-04,True
CUST000466,Kenneth,Burgess,BC,retail,low,2020-09-16,True
CUST000467,Gregory,Anderson,QC,retail,high,2021-08-28,True
CUST000468,Amber,Mata,NS,retail,low,2022-10-28,True
CUST000469,Alyssa,Mcintyre,QC,retail,low,2020-12-24,True
CUST000470,Maria,Scott,ON,small_business,low,2022-12-15,True
CUST000471,Makayla,Olson,BC,premium,medium,2025-02-04,True
CUST000472,Lindsay,Francis,NS,newcomer,high,2024-07-11,True
CUST000473,Matthew,Wilson,BC,retail,low,2021-10-11,True
CUST000474,Sydney,Taylor,SK,newcomer,low,2024-02-09,True
CUST000475,Tammy,Dalton,MB,student,medium,2024-01-06,True
CUST000476,Jennifer,Whitney,BC,retail,low,2025-03-07,True
CUST000477,Tammy,Ballard,NS,newcomer,low,2020-10-31,True
CUST000478,Michael,Gibbs,NS,small_business,low,2022-06-02,True
CUST000479,Alexander,Herrera,QC,student,low,2022-12-26,True
CUST000480,Shawn,Chambers,BC,retail,low,2025-01-03,True
CUST000481,Emily,Richards,NB,retail,low,2024-10-10,True
CUST000482,Lynn,Bentley,BC,retail,low,2024-05-18,True
CUST000483,Daniel,Hall,ON,small_business,high,2021-04-06,True
CUST000484,Angel,Henson,NB,premium,low,2024-02-18,True
CUST000485,Anna,Herman,NB,student,low,2020-10-21,True
CUST000486,Jeffrey,Brown,AB,retail,low,2025-12-22,True
CUST000487,Madison,Blankenship,SK,newcomer,medium,2024-06-08,True
CUST000488,Kevin,Ortiz,QC,newcomer,low,2020-08-04,True
CUST000489,Donald,Shah,ON,student,low,2022-03-17,True
CUST000490,Kevin,Vasquez,QC,student,low,2021-07-21,True
CUST000491,Colton,Clay,SK,retail,medium,2025-12-16,True
CUST000492,Derek,Chavez,AB,retail,medium,2025-01-02,True
CUST000493,Ellen,Paul,BC,newcomer,medium,2021-07-09,True
CUST000494,Sonya,Barnes,NS,retail,low,2025-08-27,True
CUST000495,Julia,Moore,MB,newcomer,high,2023-01-15,True
CUST000496,Robert,Garcia,BC,premium,medium,2025-04-02,True
CUST000497,Tracy,Russell,BC,student,low,2023-03-19,True
CUST000498,Stephanie,Johnson,AB,student,low,2022-09-16,True
CUST000499,Mitchell,Ramos,NB,retail,low,2023-04-23,True
CUST000500,Stephanie,Foley,NB,retail,low,2025-04-11,False
CUST000501,Cory,Jennings,SK,premium,low,2022-03-08,True
CUST000502,Amy,Levine,SK,newcomer,low,2025-04-11,True
CUST000503,Michael,Sanders,AB,premium,medium,2021-11-10,True
CUST000504,James,Martinez,MB,retail,low,2022-09-13,True
CUST000505,Melanie,Gibson,NS,small_business,medium,2020-11-17,True
CUST000506,Elizabeth,May,ON,retail,medium,2021-03-02,True
CUST000507,Carla,Smith,NB,retail,low,2026-04-25,True
CUST000508,Kristin,Sanchez,BC,small_business,medium,2022-12-08,True
CUST000509,David,Cunningham,MB,retail,low,2022-04-12,True
CUST000510,Casey,Hubbard,NB,newcomer,medium,2025-09-27,True
CUST000511,Jamie,Robinson,QC,student,low,2021-07-04,True
CUST000512,Molly,Murphy,AB,retail,low,2024-10-31,True
CUST000513,Dylan,Lester,QC,premium,low,2022-06-20,True
CUST000514,Aaron,Garrison,AB,retail,medium,2025-07-11,True
CUST000515,Duane,Anderson,NS,small_business,low,2022-10-22,True
CUST000516,John,Thompson,BC,retail,low,2024-10-29,True
CUST000517,Donna,Johnson,SK,retail,low,2024-06-24,True
CUST000518,Alexis,Tyler,SK,small_business,low,2021-09-14,True
CUST000519,John,Morris,NB,retail,low,2024-12-09,True
CUST000520,Grant,Williams,MB,newcomer,low,2023-07-18,True
CUST000521,Judy,Fox,ON,small_business,low,2023-02-15,True
CUST000522,Julie,Alvarez,AB,student,low,2020-07-07,True
CUST000523,Kimberly,Palmer,SK,retail,low,2023-08-21,True
CUST000524,Daniel,Gordon,ON,premium,medium,2025-07-11,True
CUST000525,Sonia,Williams,NS,retail,low,2021-08-08,True
CUST000526,Krista,Camacho,ON,newcomer,low,2025-07-03,True
CUST000527,Adrienne,Ellis,NB,retail,low,2025-08-23,True
CUST000528,Tamara,Brown,NB,student,low,2021-08-30,True
CUST000529,Timothy,Morales,MB,retail,low,2024-08-10,False
CUST000530,Gina,Henry,NS,retail,low,2024-07-30,True
CUST000531,Renee,Jones,MB,student,medium,2025-07-31,True
CUST000532,Christopher,Franklin,AB,retail,low,2025-09-02,True
CUST000533,Cameron,Hill,MB,newcomer,low,2025-09-14,True
CUST000534,Cynthia,Kelley,BC,student,low,2026-03-07,False
CUST000535,Mark,Vang,MB,retail,low,2020-06-15,True
CUST000536,Alyssa,Chavez,QC,student,low,2023-04-23,True
CUST000537,Catherine,Garcia,QC,retail,high,2023-04-09,True
CUST000538,Jacqueline,Farrell,SK,retail,low,2020-10-03,True
CUST000539,Debra,Mack,NS,retail,medium,2024-06-13,True
CUST000540,Jennifer,Lewis,AB,student,low,2025-01-10,True
CUST000541,Shannon,Perez,AB,retail,low,2026-03-08,False
CUST000542,Matthew,Chavez,ON,newcomer,medium,2024-04-24,True
CUST000543,Robert,Davis,AB,retail,low,2021-08-14,True
CUST000544,Ronald,Ortega,QC,newcomer,low,2023-04-12,True
CUST000545,Nicholas,Hernandez,BC,retail,low,2025-09-24,True
CUST000546,Sandra,Jones,QC,small_business,medium,2021-10-28,True
CUST000547,Marie,Davis,NS,retail,low,2022-11-02,True
CUST000548,Colin,Rodgers,MB,student,low,2023-01-19,True
CUST000549,Lisa,Hawkins,AB,student,low,2020-10-15,True
CUST000550,Brenda,Hoffman,ON,premium,low,2024-08-19,True
CUST000551,Mark,Martinez,NS,retail,low,2026-03-19,True
CUST000552,Michael,Ortega,QC,retail,high,2022-11-15,True
CUST000553,Karen,Parrish,BC,student,low,2025-08-25,False
CUST000554,Jennifer,Schmitt,NB,student,low,2020-06-29,False
CUST000555,Caroline,Bell,QC,retail,low,2025-05-15,True
CUST000556,Becky,Lewis,NB,newcomer,low,2025-08-15,True
CUST000557,Diane,Walker,NB,student,medium,2022-10-15,True
CUST000558,Daniel,Bruce,AB,retail,low,2023-04-10,True
CUST000559,Michael,Farmer,BC,retail,low,2025-02-05,True
CUST000560,Audrey,Aguirre,NS,premium,low,2024-12-19,True
CUST000561,Megan,Villegas,QC,retail,medium,2023-05-08,True
CUST000562,Loretta,Austin,AB,small_business,low,2025-11-13,True
CUST000563,Dawn,Johnson,NS,retail,low,2023-07-16,True
CUST000564,Sarah,Gallegos,ON,premium,medium,2024-05-15,True
CUST000565,Joseph,White,QC,retail,medium,2023-07-09,True
CUST000566,Jacqueline,Parker,ON,small_business,high,2026-03-10,True
CUST000567,Matthew,Smith,NS,student,medium,2021-10-30,True
CUST000568,Molly,Knight,QC,retail,low,2023-06-02,True
CUST000569,Richard,Thomas,BC,retail,medium,2021-05-07,True
CUST000570,Cynthia,Johnson,ON,premium,low,2024-12-12,False
CUST000571,Julie,Lewis,NB,retail,low,2021-06-18,True
CUST000572,Robert,Peterson,AB,premium,low,2022-05-09,True
CUST000573,Mitchell,Griffith,ON,newcomer,low,2024-08-27,True
CUST000574,Kimberly,Bradley,NB,small_business,low,2020-09-22,True
CUST000575,Christopher,Williams,BC,retail,low,2022-01-10,True
CUST000576,Eric,Williamson,ON,premium,medium,2023-07-12,True
CUST000577,Emily,Nelson,NS,premium,low,2020-11-19,True
CUST000578,Ebony,Tucker,ON,retail,low,2024-04-21,True
CUST000579,Scott,Nelson,ON,small_business,low,2023-03-04,True
CUST000580,Kari,Wilson,BC,retail,low,2023-09-17,True
CUST000581,Russell,Campbell,AB,newcomer,high,2025-09-10,True
CUST000582,Erika,Tucker,BC,retail,low,2024-05-16,True
CUST000583,Elizabeth,Williams,ON,student,low,2022-04-19,True
CUST000584,Randall,Greene,AB,small_business,medium,2024-09-22,False
CUST000585,Adrian,Turner,BC,retail,low,2022-11-09,True
CUST000586,Jason,Taylor,ON,retail,low,2023-11-13,True
CUST000587,Jonathan,Murphy,BC,retail,low,2024-01-23,True
CUST000588,Adrian,Burgess,ON,retail,low,2022-09-10,True
CUST000589,Gregory,James,NS,premium,low,2025-01-28,False
CUST000590,Jane,Mason,QC,retail,low,2021-11-19,False
CUST000591,Martha,Drake,SK,newcomer,low,2021-06-03,False
CUST000592,Charles,Hensley,AB,newcomer,medium,2022-04-27,True
CUST000593,Bobby,Smith,BC,retail,low,2023-01-07,True
CUST000594,Samantha,Atkins,ON,retail,low,2021-12-06,True
CUST000595,Barbara,Berry,QC,premium,low,2023-11-05,True
CUST000596,Jenna,Butler,NS,premium,low,2023-08-27,True
CUST000597,Darius,Smith,NS,retail,low,2025-04-29,True
CUST000598,Mark,Solis,NS,retail,low,2025-07-24,True
CUST000599,Christine,Collier,SK,student,high,2021-12-29,True
CUST000600,Samantha,Davis,NB,retail,low,2020-10-16,True
CUST000601,Megan,Sanchez,BC,retail,medium,2023-10-17,True
CUST000602,Brianna,Warren,NS,retail,low,2026-02-04,True
CUST000603,Randy,Collins,BC,student,low,2022-02-10,True
CUST000604,Matthew,Cook,NS,newcomer,low,2025-04-11,True
CUST000605,Gary,Dixon,NB,premium,low,2025-12-22,True
CUST000606,Daniel,Hicks,ON,retail,low,2024-07-23,True
CUST000607,Rebecca,Bailey,MB,retail,low,2023-05-07,True
CUST000608,Jessica,Fuentes,BC,retail,low,2020-10-25,True
CUST000609,Lisa,Young,AB,retail,low,2020-12-07,True
CUST000610,Dwayne,Gonzalez,SK,small_business,low,2025-05-27,True
CUST000611,Carrie,Wolf,MB,retail,low,2020-11-01,True
CUST000612,Diana,Thompson,NS,retail,low,2022-01-16,True
CUST000613,Kendra,Snyder,AB,small_business,low,2023-05-15,True
CUST000614,Karen,Wolf,QC,newcomer,medium,2025-03-27,True
CUST000615,Shane,Glass,ON,small_business,medium,2023-10-09,True
CUST000616,Anne,Reid,AB,retail,low,2020-12-30,True
CUST000617,Claudia,Lin,BC,retail,medium,2025-12-06,True
CUST000618,Courtney,Hernandez,AB,small_business,low,2024-06-12,True
CUST000619,Carlos,Ramos,AB,premium,low,2021-06-09,True
CUST000620,Kevin,Hill,NS,premium,medium,2023-06-06,True
CUST000621,Brian,Romero,NB,newcomer,medium,2021-12-20,True
CUST000622,Lance,Hayes,NB,retail,low,2026-03-08,True
CUST000623,Brian,Decker,QC,newcomer,low,2025-03-13,True
CUST000624,Chase,Lin,NB,retail,low,2022-06-19,True
CUST000625,Melissa,Gilbert,ON,retail,low,2021-01-06,True
CUST000626,William,Ford,ON,retail,medium,2021-10-25,True
CUST000627,Angela,Conner,SK,premium,medium,2025-10-08,True
CUST000628,Paula,Cole,MB,retail,low,2022-12-03,True
CUST000629,Lisa,Pearson,AB,retail,high,2025-03-21,True
CUST000630,Marc,Alvarez,MB,student,low,2022-09-21,True
CUST000631,Edward,Brown,AB,premium,low,2021-05-14,True
CUST000632,Dale,Nolan,NS,small_business,low,2020-07-12,True
CUST000633,Matthew,Klein,NB,retail,medium,2022-10-31,True
CUST000634,William,Thompson,BC,retail,medium,2025-12-30,True
CUST000635,John,Kim,ON,retail,medium,2023-07-11,True
CUST000636,Scott,Mills,NS,small_business,low,2023-04-01,True
CUST000637,Erik,Watson,ON,retail,low,2024-12-06,True
CUST000638,Justin,Ortiz,NS,retail,medium,2020-12-31,True
CUST000639,Matthew,Harper,MB,retail,low,2025-04-22,True
CUST000640,Kristina,Holland,AB,newcomer,low,2023-12-02,True
CUST000641,Cameron,Davis,ON,small_business,high,2021-09-23,True
CUST000642,Erika,Mitchell,BC,newcomer,low,2021-01-02,True
CUST000643,Jennifer,Douglas,MB,student,low,2023-06-29,True
CUST000644,Rebecca,Marks,NS,retail,low,2022-02-05,True
CUST000645,Mathew,Aguilar,NB,newcomer,low,2020-06-25,False
CUST000646,Donald,Bailey,MB,retail,low,2022-02-15,True
CUST000647,Tammy,Hale,NS,small_business,low,2023-03-22,True
CUST000648,Philip,Larson,AB,retail,medium,2022-12-21,True
CUST000649,Sharon,Collins,NS,student,medium,2021-10-15,True
CUST000650,Nicholas,Conner,MB,premium,low,2023-01-03,True
CUST000651,Lisa,Santiago,NS,student,low,2024-03-11,True
CUST000652,Maria,Rodgers,NS,retail,medium,2020-12-26,True
CUST000653,Gina,Fox,MB,retail,low,2024-04-16,True
CUST000654,Debbie,Henderson,NS,newcomer,low,2024-04-08,True
CUST000655,Michael,Cox,NB,student,low,2022-11-17,True
CUST000656,Henry,Lewis,SK,small_business,low,2023-01-09,True
CUST000657,Stacey,Tucker,SK,small_business,low,2025-07-10,True
CUST000658,Jeremy,Taylor,MB,retail,medium,2022-01-15,True
CUST000659,Chris,Richard,NS,retail,low,2024-01-28,True
CUST000660,Craig,Wise,BC,retail,low,2021-03-10,True
CUST000661,Mary,Stephenson,NS,newcomer,low,2020-11-07,True
CUST000662,Benjamin,Rogers,SK,retail,medium,2026-04-08,True
CUST000663,Katie,Anderson,SK,student,medium,2024-07-18,True
CUST000664,Nicholas,Martin,NB,retail,high,2021-06-16,True
CUST000665,Marie,Wise,AB,student,high,2025-11-24,True
CUST000666,Lisa,Martin,ON,student,low,2024-03-08,True
CUST000667,Samuel,Jenkins,MB,retail,low,2022-06-17,True
CUST000668,Erica,Young,QC,small_business,low,2024-06-12,True
CUST000669,Sean,Mitchell,NS,retail,low,2020-06-26,True
CUST000670,Kaitlyn,Cole,NS,student,low,2020-10-28,True
CUST000671,Amanda,Collins,ON,retail,medium,2021-10-18,True
CUST000672,Lindsey,Harrison,BC,retail,low,2026-01-28,True
CUST000673,Mary,Richardson,MB,student,low,2022-02-11,True
CUST000674,Stacey,Joyce,QC,newcomer,low,2025-10-13,True
CUST000675,Steven,Campbell,SK,retail,low,2021-08-24,True
CUST000676,Patrick,Rose,AB,student,low,2024-08-08,True
CUST000677,Tammy,Montoya,MB,newcomer,low,2025-03-10,True
CUST000678,Laurie,Taylor,QC,retail,medium,2025-02-22,True
CUST000679,John,Davidson,MB,small_business,high,2024-01-30,True
CUST000680,Morgan,Spencer,MB,retail,low,2021-09-22,True
CUST000681,Curtis,Singleton,NS,retail,low,2020-12-06,True
CUST000682,Melissa,Mitchell,SK,retail,low,2025-01-30,True
CUST000683,Kathryn,Nelson,MB,newcomer,low,2025-03-09,False
CUST000684,Rebecca,Hernandez,SK,retail,medium,2023-05-12,True
CUST000685,Samuel,Potts,NS,small_business,low,2023-01-23,True
CUST000686,Jeffrey,Hayes,ON,retail,low,2025-04-03,True
CUST000687,Michael,Johnson,NS,small_business,high,2022-08-20,True
CUST000688,Brian,Shaw,NS,small_business,low,2025-04-12,True
CUST000689,Joe,Vang,MB,small_business,low,2021-03-15,True
CUST000690,Nicholas,Johnson,BC,retail,low,2021-08-04,True
CUST000691,Sarah,Combs,QC,retail,low,2024-07-14,True
CUST000692,Debra,Moody,BC,newcomer,medium,2021-05-29,True
CUST000693,Devin,Mitchell,SK,premium,low,2024-11-08,True
CUST000694,Maria,Horton,QC,retail,low,2025-10-21,True
CUST000695,Dominic,Thornton,AB,premium,low,2020-06-08,True
CUST000696,Shane,Smith,QC,retail,medium,2020-06-15,True
CUST000697,Christian,Scott,BC,small_business,low,2022-01-02,False
CUST000698,Mary,Dunn,ON,newcomer,low,2025-09-16,True
CUST000699,Jessica,Rose,BC,retail,low,2020-10-05,True
CUST000700,Daniel,Roberts,ON,retail,low,2023-03-15,True
CUST000701,Kevin,Williams,QC,retail,medium,2023-09-08,True
CUST000702,Robert,Bauer,SK,retail,high,2020-09-24,True
CUST000703,Stephen,Rodriguez,QC,retail,low,2026-02-14,True
CUST000704,Rebecca,Carlson,MB,small_business,low,2025-04-20,True
CUST000705,Allen,Robertson,NS,retail,low,2021-03-16,True
CUST000706,John,Thomas,NS,newcomer,low,2021-03-23,True
CUST000707,Ruben,Mendez,SK,retail,medium,2022-03-31,True
CUST000708,John,Butler,NS,small_business,high,2022-06-29,True
CUST000709,Elizabeth,Miller,NS,student,low,2020-06-19,True
CUST000710,Theresa,Jones,NB,retail,low,2024-09-29,True
CUST000711,Alicia,Romero,AB,retail,medium,2021-11-30,True
CUST000712,Vanessa,Spencer,NB,retail,low,2025-02-10,True
CUST000713,Peter,Harrison,SK,retail,low,2024-12-09,True
CUST000714,Cynthia,Zavala,ON,retail,low,2020-09-22,False
CUST000715,Jon,Smith,BC,student,low,2020-11-26,True
CUST000716,Kristina,Cooper,NB,newcomer,low,2025-02-27,True
CUST000717,Jessica,Fuller,NB,premium,medium,2022-01-03,True
CUST000718,Kelsey,Moss,NB,premium,high,2023-04-03,True
CUST000719,Marvin,Williams,BC,retail,low,2024-10-28,True
CUST000720,Amy,Li,NS,student,medium,2022-12-20,True
CUST000721,Gregory,Maxwell,AB,newcomer,low,2024-01-26,True
CUST000722,Steven,Dominguez,BC,retail,low,2024-10-31,True
CUST000723,Crystal,Cain,NS,newcomer,low,2025-01-10,False
CUST000724,Bryan,Parsons,MB,small_business,low,2021-08-22,True
CUST000725,Stephen,Carter,ON,retail,low,2025-02-15,True
CUST000726,Bradley,Gonzalez,BC,premium,low,2023-04-30,True
CUST000727,Bobby,Mahoney,MB,retail,low,2025-08-16,True
CUST000728,Zachary,Hays,QC,newcomer,low,2021-03-31,True
CUST000729,Amy,King,NB,retail,medium,2023-10-22,True
CUST000730,Karen,Lee,ON,premium,low,2023-02-04,False
CUST000731,Michael,Norman,ON,retail,low,2022-10-25,True
CUST000732,Michelle,Rivera,AB,premium,low,2021-05-09,True
CUST000733,David,Richardson,AB,retail,low,2024-02-13,True
CUST000734,Pamela,Paul,BC,student,low,2024-03-23,True
CUST000735,Patricia,Hughes,MB,retail,low,2023-03-11,True
CUST000736,Terri,Crawford,SK,student,low,2022-08-13,True
CUST000737,Tyler,Glass,ON,student,low,2022-09-14,True
CUST000738,April,Owen,SK,student,low,2022-12-11,True
CUST000739,Jessica,Miller,AB,premium,low,2022-10-04,True
CUST000740,Carrie,Short,NB,retail,low,2024-07-14,True
CUST000741,Amy,Morris,NS,retail,low,2023-12-06,False
CUST000742,Christopher,Guerrero,ON,retail,low,2020-12-29,True
CUST000743,Kirk,Morrison,ON,student,low,2023-08-03,True
CUST000744,Ronald,Norris,NB,retail,medium,2025-01-18,True
CUST000745,Michael,Williams,NS,retail,low,2020-07-10,True
CUST000746,Molly,Gomez,AB,retail,low,2022-12-30,True
CUST000747,Whitney,Hill,QC,retail,low,2026-03-28,True
CUST000748,Tina,Gould,QC,retail,medium,2021-07-25,True
CUST000749,Charles,Walsh,QC,student,low,2021-06-10,True
CUST000750,Michael,Owen,ON,retail,low,2022-08-08,True
CUST000751,Erin,Cisneros,AB,premium,low,2025-07-13,True
CUST000752,Douglas,Lawson,NB,retail,low,2021-10-14,True
CUST000753,Kimberly,Johnson,QC,student,low,2026-04-03,True
CUST000754,Carlos,Osborne,NS,premium,low,2025-07-04,True
CUST000755,Michael,Reyes,QC,retail,medium,2022-12-10,True
CUST000756,Ashley,Jacobs,SK,retail,low,2025-12-22,True
CUST000757,Erika,Rush,BC,retail,medium,2023-01-05,False
CUST000758,Nathan,Hines,ON,newcomer,low,2022-02-19,True
CUST000759,Audrey,Moreno,NB,retail,high,2026-04-07,True
CUST000760,Raymond,Banks,AB,retail,low,2022-06-19,True
CUST000761,John,Wilson,BC,retail,medium,2024-07-07,True
CUST000762,Jill,Porter,ON,small_business,medium,2024-04-15,False
CUST000763,Paul,Hoffman,QC,retail,low,2021-02-23,True
CUST000764,Jose,Green,NS,retail,low,2020-11-09,True
CUST000765,Sean,Davies,QC,premium,low,2023-02-15,True
CUST000766,Justin,Hendricks,BC,newcomer,low,2022-11-22,True
CUST000767,Travis,Martinez,BC,retail,low,2021-07-08,True
CUST000768,Melissa,Hayes,MB,small_business,low,2021-06-06,True
CUST000769,Rachel,Wallace,SK,retail,medium,2020-12-09,True
CUST000770,Christopher,Fleming,BC,newcomer,low,2025-02-06,True
CUST000771,Megan,Flores,AB,retail,medium,2024-10-01,True
CUST000772,Michael,Brown,ON,small_business,low,2025-06-23,True
CUST000773,Amber,Vance,AB,premium,low,2021-10-11,True
CUST000774,Melissa,Joseph,BC,retail,low,2021-01-10,True
CUST000775,Sara,Little,BC,retail,low,2023-01-22,True
CUST000776,Laura,Hicks,ON,newcomer,medium,2020-09-09,True
CUST000777,David,Harris,BC,retail,low,2024-06-17,False
CUST000778,Dominic,Tyler,SK,premium,low,2024-09-06,True
CUST000779,Anthony,Spencer,QC,retail,low,2023-09-21,True
CUST000780,Miguel,Lara,NS,retail,medium,2020-07-06,True
CUST000781,Andrea,Salazar,NS,retail,high,2025-11-15,True
CUST000782,Christopher,Parker,MB,newcomer,low,2023-04-03,True
CUST000783,Yvonne,Higgins,NS,newcomer,medium,2022-01-28,True
CUST000784,Alicia,Hammond,NB,premium,low,2023-07-02,True
CUST000785,Madeline,Jones,SK,student,medium,2022-06-14,True
CUST000786,Teresa,Day,SK,retail,low,2024-10-05,True
CUST000787,Shannon,Frazier,BC,retail,low,2023-12-13,True
CUST000788,Melvin,Humphrey,AB,retail,low,2024-12-29,True
CUST000789,Kimberly,Bowman,SK,retail,low,2020-12-13,True
CUST000790,Hunter,Burch,AB,retail,low,2026-01-26,True
CUST000791,Ryan,Bartlett,ON,small_business,low,2020-07-28,True
CUST000792,Brian,Martinez,NB,newcomer,low,2024-04-20,True
CUST000793,Eric,Martin,QC,retail,low,2023-02-21,True
CUST000794,Marcus,Fletcher,BC,retail,low,2020-12-02,True
CUST000795,Michael,Everett,MB,retail,low,2024-04-13,False
CUST000796,Patty,Singleton,AB,retail,low,2025-07-20,True
CUST000797,John,Reid,NB,small_business,low,2020-06-16,True
CUST000798,Andrea,Martinez,QC,retail,low,2025-11-19,True
CUST000799,Kevin,Ferguson,NB,retail,low,2026-04-23,True
CUST000800,Wayne,Jackson,NB,retail,medium,2020-05-18,True
CUST000801,Shelly,Moore,NS,newcomer,medium,2022-01-17,True
CUST000802,Donna,Le,NB,retail,low,2025-03-23,True
CUST000803,Cassie,Kirby,MB,newcomer,low,2025-05-19,True
CUST000804,Anne,Bryan,ON,newcomer,low,2026-04-05,True
CUST000805,Anthony,Williams,NS,retail,low,2024-01-07,True
CUST000806,Darlene,Ray,MB,small_business,low,2023-06-24,True
CUST000807,Debra,Wang,NB,student,low,2023-03-26,True
CUST000808,Robert,Fowler,BC,retail,low,2020-11-28,True
CUST000809,Tyler,Burton,NS,student,low,2022-11-18,True
CUST000810,Keith,Frye,AB,retail,low,2024-12-26,True
CUST000811,Timothy,Ballard,NB,student,medium,2023-12-01,True
CUST000812,Gail,Evans,BC,retail,low,2025-09-26,True
CUST000813,Charles,Brown,SK,premium,low,2024-09-09,True
CUST000814,Scott,Washington,NS,retail,low,2023-11-01,True
CUST000815,James,Lawson,MB,student,low,2021-10-29,False
CUST000816,Larry,Higgins,SK,retail,low,2024-05-10,True
CUST000817,Jessica,Valencia,MB,retail,medium,2020-07-05,True
CUST000818,Theresa,Anderson,BC,student,low,2023-09-22,True
CUST000819,Mitchell,Hoffman,QC,premium,medium,2024-07-22,True
CUST000820,Luis,Owens,NB,newcomer,low,2021-11-21,True
CUST000821,Joseph,Wright,QC,retail,medium,2025-07-20,True
CUST000822,Colin,Roberts,NS,premium,low,2022-06-02,True
CUST000823,Patrick,Gilbert,SK,premium,low,2024-02-21,True
CUST000824,John,Grimes,QC,newcomer,low,2021-10-03,True
CUST000825,Erik,Murphy,MB,small_business,medium,2025-01-03,True
CUST000826,Becky,Edwards,NB,newcomer,medium,2021-05-10,True
CUST000827,Kathryn,Jimenez,SK,small_business,medium,2021-03-05,True
CUST000828,Xavier,Jimenez,QC,retail,medium,2023-06-06,True
CUST000829,Kyle,Johnson,NS,retail,low,2023-09-29,True
CUST000830,Sierra,Wagner,AB,retail,low,2023-05-15,True
CUST000831,Tammy,Lewis,QC,newcomer,low,2022-06-27,True
CUST000832,Michael,Williams,MB,retail,medium,2023-11-14,False
CUST000833,Troy,Khan,SK,student,low,2024-03-10,True
CUST000834,Destiny,Ruiz,AB,retail,medium,2023-05-06,True
CUST000835,Amanda,Boone,BC,student,low,2022-04-30,True
CUST000836,Ryan,Khan,ON,student,low,2020-10-18,True
CUST000837,Jessica,Gallagher,NS,newcomer,low,2020-11-29,False
CUST000838,Michael,Morales,SK,retail,medium,2023-03-29,True
CUST000839,Ashley,Lee,AB,student,low,2021-11-10,True
CUST000840,Angela,Jones,SK,premium,low,2021-07-29,True
CUST000841,William,Duran,SK,premium,low,2024-05-12,True
CUST000842,Joshua,Hays,ON,student,low,2026-03-24,True
CUST000843,Erin,Wilson,MB,retail,low,2022-04-07,True
CUST000844,Theresa,Long,NS,retail,low,2022-06-22,True
CUST000845,Laura,Morgan,NS,small_business,low,2022-02-23,True
CUST000846,Sheila,Fischer,AB,small_business,medium,2024-11-06,True
CUST000847,James,Hicks,NB,retail,medium,2021-06-22,True
CUST000848,Vincent,Williams,ON,retail,low,2021-01-06,False
CUST000849,Derrick,Cook,NS,student,low,2020-07-10,True
CUST000850,Thomas,Bryant,NB,retail,low,2025-10-14,True
CUST000851,Catherine,Robertson,SK,small_business,low,2023-06-21,True
CUST000852,Mark,Austin,NS,retail,low,2023-05-29,True
CUST000853,Francisco,Ewing,ON,retail,low,2022-06-18,True
CUST000854,Jodi,Evans,BC,premium,low,2024-02-03,True
CUST000855,Matthew,Clayton,SK,student,low,2020-08-06,True
CUST000856,Amanda,Erickson,SK,newcomer,low,2023-02-09,True
CUST000857,Kevin,Cabrera,NB,newcomer,low,2022-07-16,True
CUST000858,Micheal,Nunez,QC,retail,low,2025-07-09,True
CUST000859,Tina,Silva,MB,newcomer,low,2023-01-20,True
CUST000860,Laura,Swanson,SK,retail,low,2022-04-01,True
CUST000861,Hailey,Johnson,MB,premium,low,2023-09-09,True
CUST000862,Thomas,Coffey,NB,retail,low,2024-06-13,True
CUST000863,Krista,Parsons,ON,student,low,2025-09-19,False
CUST000864,Becky,Griffith,MB,newcomer,low,2025-02-26,False
CUST000865,Brandy,Jackson,MB,retail,medium,2021-12-13,True
CUST000866,Cristina,Harvey,BC,retail,low,2024-11-26,True
CUST000867,Maureen,Hernandez,NS,small_business,low,2022-04-27,True
CUST000868,Erin,Johnson,SK,retail,high,2023-04-08,True
CUST000869,Stacy,Rodriguez,NB,retail,low,2021-03-14,True
CUST000870,Andrew,Edwards,SK,retail,medium,2022-06-05,True
CUST000871,Edward,Vaughn,NB,retail,low,2022-03-21,True
CUST000872,Robert,Hampton,NS,retail,low,2024-10-16,True
CUST000873,Samantha,Salas,SK,retail,medium,2020-10-21,True
CUST000874,Jill,Brown,ON,retail,low,2023-09-23,True
CUST000875,Devin,Clark,NB,retail,low,2021-06-02,True
CUST000876,Mark,Bates,AB,retail,low,2022-01-29,True
CUST000877,Alicia,Edwards,MB,newcomer,low,2023-04-10,True
CUST000878,Glen,Barr,QC,retail,low,2024-03-18,True
CUST000879,Matthew,Gomez,MB,student,low,2021-03-30,True
CUST000880,Kelsey,Le,ON,premium,low,2024-08-12,False
CUST000881,Dawn,Steele,MB,retail,low,2023-02-27,True
CUST000882,Chelsea,Lee,BC,retail,low,2025-04-23,True
CUST000883,John,Grant,NS,retail,medium,2020-09-24,True
CUST000884,Jeffrey,Dudley,ON,retail,low,2024-09-06,True
CUST000885,Kenneth,Roberts,AB,small_business,low,2024-04-14,True
CUST000886,Jared,Bush,QC,premium,low,2026-03-07,True
CUST000887,Logan,Bailey,AB,student,low,2021-05-09,True
CUST000888,Sarah,Pope,AB,retail,low,2025-04-08,True
CUST000889,Joshua,Martinez,BC,newcomer,low,2022-09-12,False
CUST000890,Erica,James,QC,retail,low,2020-06-24,True
CUST000891,Tina,Cardenas,AB,premium,low,2025-09-26,True
CUST000892,Stephanie,Ballard,BC,student,low,2026-02-25,True
CUST000893,Kelly,Roberts,ON,premium,low,2023-08-06,True
CUST000894,Jennifer,Reed,NS,student,low,2024-08-01,True
CUST000895,Scott,Scott,ON,retail,low,2022-07-11,True
CUST000896,Timothy,Harris,BC,retail,low,2025-02-12,True
CUST000897,Amanda,Fitzpatrick,SK,student,low,2022-06-05,True
CUST000898,Heather,Taylor,MB,small_business,low,2024-10-23,True
CUST000899,Christina,Matthews,SK,retail,low,2023-01-06,True
CUST000900,John,Santiago,MB,small_business,low,2021-01-25,True
CUST000901,Amanda,Little,QC,retail,low,2024-07-10,True
CUST000902,Brian,Gutierrez,SK,retail,low,2022-03-16,True
CUST000903,Jennifer,Garcia,ON,newcomer,low,2024-03-29,True
CUST000904,Kelli,Smith,QC,newcomer,low,2022-09-22,True
CUST000905,Andrea,Hickman,SK,student,low,2020-06-11,True
CUST000906,Richard,Donovan,NS,retail,low,2021-09-22,True
CUST000907,Natalie,Woods,BC,small_business,low,2024-11-12,True
CUST000908,James,Maynard,ON,newcomer,medium,2025-03-19,True
CUST000909,Manuel,Brewer,MB,retail,low,2020-06-04,True
CUST000910,Rebecca,Davis,AB,newcomer,medium,2026-03-05,True
CUST000911,Audrey,Nichols,ON,retail,medium,2021-01-26,True
CUST000912,Jennifer,Zuniga,ON,small_business,low,2022-03-08,True
CUST000913,Robin,Thompson,MB,retail,low,2025-07-13,True
CUST000914,Nicole,Thompson,AB,retail,low,2025-03-09,True
CUST000915,Samantha,Osborn,BC,newcomer,low,2023-07-14,True
CUST000916,Randy,Simpson,SK,student,low,2022-04-22,True
CUST000917,Sharon,Hayden,NB,retail,low,2024-04-19,True
CUST000918,Sara,Mcdowell,NS,premium,low,2021-05-09,False
CUST000919,Albert,Bradley,NB,student,low,2022-02-25,True
CUST000920,Daniel,Bird,AB,retail,low,2023-08-16,True
CUST000921,Justin,Hays,SK,retail,low,2022-04-14,True
CUST000922,Amy,Snyder,ON,retail,high,2023-02-17,True
CUST000923,Sheena,Rosales,AB,retail,low,2022-12-14,True
CUST000924,Taylor,Lee,BC,retail,low,2023-03-24,True
CUST000925,Daniel,Martin,NS,small_business,low,2023-05-08,True
CUST000926,Stephen,Scott,QC,newcomer,low,2022-12-14,True
CUST000927,Jacob,Doyle,NS,student,low,2025-06-15,True
CUST000928,Krystal,Bradley,MB,retail,medium,2025-04-02,True
CUST000929,Katherine,Thompson,NS,retail,medium,2025-09-10,True
CUST000930,Melissa,Prince,AB,student,medium,2024-12-20,False
CUST000931,Margaret,Robertson,ON,retail,low,2022-01-12,True
CUST000932,Christopher,Caldwell,NS,retail,low,2024-08-23,True
CUST000933,Jack,Taylor,SK,student,low,2021-11-30,True
CUST000934,Marcus,Wright,MB,student,low,2021-06-23,True
CUST000935,Jose,Young,ON,retail,low,2020-12-25,True
CUST000936,Karen,Finley,BC,student,low,2021-06-13,True
CUST000937,Kevin,Sharp,AB,newcomer,high,2021-11-20,True
CUST000938,Alexander,Valdez,QC,retail,low,2023-08-09,True
CUST000939,Heather,Brown,QC,student,low,2025-04-26,True
CUST000940,David,Parker,NS,newcomer,low,2022-09-22,True
CUST000941,Richard,Shaw,SK,newcomer,low,2022-05-26,False
CUST000942,Paula,Padilla,AB,student,low,2023-09-14,True
CUST000943,Larry,Wilson,QC,student,low,2025-05-11,True
CUST000944,Sabrina,Phillips,MB,retail,low,2024-08-31,True
CUST000945,Christina,Robinson,SK,retail,low,2021-04-10,True
CUST000946,Dennis,Hernandez,MB,retail,low,2024-01-14,False
CUST000947,Julie,Obrien,NB,newcomer,low,2026-02-11,True
CUST000948,Robert,Dunn,ON,retail,medium,2024-05-30,True
CUST000949,Thomas,Medina,SK,newcomer,low,2025-09-22,True
CUST000950,Elizabeth,Robinson,NS,small_business,low,2023-04-12,True
CUST000951,John,Fischer,AB,premium,low,2021-12-26,True
CUST000952,Morgan,Miller,SK,small_business,low,2022-10-13,True
CUST000953,Sean,Padilla,SK,newcomer,low,2020-09-15,True
CUST000954,Christian,Elliott,MB,retail,low,2020-05-20,True
CUST000955,Bryan,Kelley,NS,retail,low,2022-06-07,False
CUST000956,William,Armstrong,MB,small_business,low,2020-09-12,True
CUST000957,Edward,Murphy,MB,retail,low,2025-12-28,True
CUST000958,Abigail,Wilson,QC,student,low,2024-10-12,True
CUST000959,Jamie,Aguilar,NB,retail,low,2023-10-09,False
CUST000960,Christopher,Dixon,SK,retail,low,2022-08-18,True
CUST000961,Lindsey,Chavez,BC,retail,low,2024-01-20,True
CUST000962,William,Bryant,NB,premium,high,2024-10-21,True
CUST000963,Brian,Ford,NS,retail,low,2024-07-19,True
CUST000964,Lindsay,Cummings,NS,small_business,low,2024-04-03,True
CUST000965,Randy,Velasquez,NB,premium,low,2022-09-30,True
CUST000966,Julie,Lane,BC,student,low,2023-04-02,True
CUST000967,Brandon,Cooper,AB,newcomer,low,2023-04-30,True
CUST000968,Bryce,Mcknight,SK,retail,medium,2025-06-06,True
CUST000969,Sarah,Jones,BC,small_business,low,2022-02-16,True
CUST000970,Sarah,Johnson,AB,retail,medium,2024-02-26,True
CUST000971,Robert,Mack,NB,retail,low,2023-04-18,True
CUST000972,Katie,Good,QC,retail,high,2024-01-11,True
CUST000973,Debbie,Fisher,NS,small_business,medium,2020-10-29,True
CUST000974,Victoria,Reyes,NB,student,low,2025-11-07,False
CUST000975,Molly,Knox,ON,retail,low,2020-06-06,True
CUST000976,Nicholas,Vega,AB,retail,low,2025-11-05,True
CUST000977,Dorothy,Ryan,ON,retail,low,2021-12-23,True
CUST000978,Desiree,Bailey,SK,retail,low,2023-02-11,True
CUST000979,Gregory,Medina,BC,retail,low,2020-07-10,True
CUST000980,Allison,Luna,QC,retail,low,2020-09-15,True
CUST000981,Jeffrey,Smith,NB,retail,low,2024-10-20,True
CUST000982,Andrew,Evans,SK,retail,low,2024-01-21,True
CUST000983,Emily,Stephens,QC,retail,low,2024-06-25,True
CUST000984,Amanda,Morrow,NB,student,high,2025-05-13,True
CUST000985,John,Reed,NB,newcomer,low,2024-07-12,True
CUST000986,Joshua,Pineda,BC,retail,low,2022-07-25,True
CUST000987,Jessica,Rodriguez,NB,retail,medium,2025-09-29,False
CUST000988,Lisa,Barnes,BC,retail,low,2023-01-31,True
CUST000989,Katie,Stephenson,ON,retail,medium,2023-06-26,True
CUST000990,Alexis,Harris,SK,retail,low,2026-04-04,True
CUST000991,Craig,Johnson,SK,retail,low,2021-09-21,True
CUST000992,Carla,Warner,AB,retail,low,2023-03-15,True
CUST000993,Brandon,Yang,BC,small_business,low,2025-11-28,True
CUST000994,Richard,Young,NS,premium,low,2022-12-22,True
CUST000995,Jeff,Shields,BC,student,low,2024-04-27,True
CUST000996,Brian,Gordon,SK,student,low,2024-05-01,True
CUST000997,Keith,Cabrera,NS,retail,low,2022-12-19,True
CUST000998,Jessica,Flores,QC,retail,low,2021-07-12,True
CUST000999,Carla,Chambers,NS,retail,low,2023-03-30,True
CUST001000,Malik,Turner,QC,newcomer,high,2025-09-01,True
